audio_id,original_filename,source_url,genre_major,vocal_presence,source_type,duration_sec,decade,artist_id,collected,qc_status,notes
01M0E9X162CTB4D15WZQ5D8FVX,f0b8fba5717578aecd96cb0114ff8ad7_01M0E9X162CTB4D15WZQ5D8FVX.wav,,,,ace_studio_generated_demucs_vocals,30.0,,unknown_01M0E9X1,yes,pending,
01M0E9X17RZ522YBF6Z913H4VJ,6296d8903f0d52a9225aaafabb1eb449_01M0E9X17RZ522YBF6Z913H4VJ.wav,,,,ace_studio_generated_demucs_vocals,30.0,,unknown_01M0E9X1,yes,pending,
01M0E9X19DMAXGT6QD167G1YJX,0e5bed0b45b606bc1d1b7678bc07bc70_01M0E9X19DMAXGT6QD167G1YJX.wav,,,,ace_studio_generated_demucs_vocals,30.0,,unknown_01M0E9X1,yes,pending,
01M0E9X1AGP5JXX7YEA7NAV25V,13b90e65b754067abdde582a4439ff52_01M0E9X1AGP5JXX7YEA7NAV25V.wav,,,,ace_studio_generated_demucs_vocals,30.0,,unknown_01M0E9X1,yes,pending,
01M0E9X1BHAGVNQYTXE4CMNJV0,e8fb173150cd26420e155e6959acf3f5_01M0E9X1BHAGVNQYTXE4CMNJV0.wav,,,,ace_studio_generated_demucs_vocals,30.0,,unknown_01M0E9X1,yes,pending,
01M0E9X1CNR601CZY38WVQB82E,258454060d359241f2ea3499f91e4fd9_01M0E9X1CNR601CZY38WVQB82E.wav,,,,normal,2.015,,unknown_01M0E9X1,yes,pending,
01M0E9X1D5FB4ZND9B13XSD71K,de3496908c92f8421727d3e527103b57_01M0E9X1D5FB4ZND9B13XSD71K.mp3,,,,normal,98.457,,unknown_01M0E9X1,yes,pending,
01M0RFPVN7FD6R26FDRFX77R9Z,3a9570be947691c9da7313787e0c3f43_01M0RFPVN7FD6R26FDRFX77R9Z.mp3,,,,normal,210.39,,unknown_01M0RFPV,yes,pending,
01M0RFPVNJ21SF5Y7VHPP8QV6T,ecfb89c0cd2208c39e00aac31a253a1f_01M0RFPVNJ21SF5Y7VHPP8QV6T.mp3,,,,normal,285.858,,unknown_01M0RFPV,yes,pending,
01M0RFPVP4DRN0N5QYQ124EVEY,1ffebc2bd5ff8c6fad820477a0d14f58_01M0RFPVP4DRN0N5QYQ124EVEY.mp3,,,,normal,312.267,,unknown_01M0RFPV,yes,pending,
01M0RFPVPNNQ8XKY1MCWV09261,515480a47dbd89441fb385af845590d8_01M0RFPVPNNQ8XKY1MCWV09261.mp3,,,,normal,440.424,,unknown_01M0RFPV,yes,pending,
01M0RFPVQ9VHGMFC40XBGPPTWQ,7cf0a50d65af6dd4d07a7dd7aae69dd1_01M0RFPVQ9VHGMFC40XBGPPTWQ.mp3,,,,normal,249.502,,unknown_01M0RFPV,yes,pending,
01M0RFPVQSC0HP4QJKKVCQYKCX,12d7299f2ad4bd182c44d1f2aa14ae17_01M0RFPVQSC0HP4QJKKVCQYKCX.mp3,,,,normal,526.341,,unknown_01M0RFPV,yes,pending,
01M0RFPVRHY5G2H321MC6ZR7AZ,3befa8983780f697b424cb71bd236663_01M0RFPVRHY5G2H321MC6ZR7AZ.mp3,,,,normal,281.051,,unknown_01M0RFPV,yes,pending,
01M0RFPVS7VN7C7RPNCZ2XYDFS,025ee64371ee3bbdf9718a473863917e_01M0RFPVS7VN7C7RPNCZ2XYDFS.mp3,,,,normal,214.738,,unknown_01M0RFPV,yes,pending,
01M0RFPVSQM6GZ0JRCMPDF9GE1,9a8eee827b10a2fa452023f0604d8fc0_01M0RFPVSQM6GZ0JRCMPDF9GE1.mp3,,,,normal,292.833,,unknown_01M0RFPV,yes,pending,
01M0RFPVT8N9F5BHQDGGGRMG21,1a2937fa68bec24406e4f4be72215ba7_01M0RFPVT8N9F5BHQDGGGRMG21.mp3,,,,normal,323.788,,unknown_01M0RFPV,yes,pending,
01M0RFPVTTSMAV6XT49PFATG84,99a58b80858394ec39e6723ac8cad6af_01M0RFPVTTSMAV6XT49PFATG84.mp3,,,,normal,159.92,,unknown_01M0RFPV,yes,pending,
01M0RFPVVA13WC4CZK46J56CAR,97e7206b4c97cb7cfb14fd835065d258_01M0RFPVVA13WC4CZK46J56CAR.mp3,,,,normal,481.733,,unknown_01M0RFPV,yes,pending,
01M0RFPVW4WCC7HFNFHE8S2J14,96cddc30e77cce73824fbccc6981ecf4_01M0RFPVW4WCC7HFNFHE8S2J14.mp3,,,,normal,217.493,,unknown_01M0RFPV,yes,pending,
01M0RFPVWPN4GTHYGPW6JVN04A,fe89968ceb9a27b7fcfdd7ecfa9dbd13_01M0RFPVWPN4GTHYGPW6JVN04A.mp3,,,,normal,242.39,,unknown_01M0RFPV,yes,pending,
01M0RFPVX85S698FK15G4BD67B,1ec5cce828b2ec2d2c42e37546af97c5_01M0RFPVX85S698FK15G4BD67B.mp3,,,,normal,174.356,,unknown_01M0RFPV,yes,pending,
01M0RFPVXNQE9WKJ0DC1JYWY0C,ea39239114993f0302929d210e897c9f_01M0RFPVXNQE9WKJ0DC1JYWY0C.mp3,,,,normal,297.653,,unknown_01M0RFPV,yes,pending,
01M0RFPVY8ZNBRSF3M6KVT1TY2,61b663c9b13898ba8ad5bcf34e5a7ec6_01M0RFPVY8ZNBRSF3M6KVT1TY2.mp3,,,,normal,134.893,,unknown_01M0RFPV,yes,pending,
01M0RFPVZ0G44ST7R8JY1PQDT3,def1682280c4ea113494be711008efdf_01M0RFPVZ0G44ST7R8JY1PQDT3.mp3,,,,normal,443.794,,unknown_01M0RFPV,yes,pending,
01M0RFPVZTW8NW05DYV61GQ7EC,2c73fd2ea868123aeaa27f657146bf51_01M0RFPVZTW8NW05DYV61GQ7EC.mp3,,,,normal,307.36,,unknown_01M0RFPV,yes,pending,
01M0RHT5QBG7MD9CBDYF68TKPY,1f288a3aa7005c402657c930677e9cc0_01M0RHT5QBG7MD9CBDYF68TKPY.mp3,,,,normal,688.4,,unknown_01M0RHT5,yes,pending,
