audio_id,snr_db,dynamic_range_db,silence_ratio,audio_path,passed,reasons,warnings,duration,sample_rate,bit_depth,channels,file_size,clipping_ratio,loudness_lufs,true_peak_db,corrupted,too_short,too_long,low_sample_rate,low_bit_depth,high_silence,high_clipping,low_snr,low_dynamic_range,loudness_normalized,noise_candidate,noise_candidate_reason
01M0E9X19DMAXGT6QD167G1YJX,21.58,44.98,0.2988,data/00_raw_collect/raw_audio/0e/5b/0e5bed0b45b606bc1d1b7678bc07bc70_01M0E9X19DMAXGT6QD167G1YJX.wav,True,,,30.0,44100,16,2,5292142,0.0,-18.06,-1.32,False,False,False,False,False,False,False,False,False,False,False,
01M0E9X17RZ522YBF6Z913H4VJ,27.78,75.08,0.6258,data/00_raw_collect/raw_audio/62/96/6296d8903f0d52a9225aaafabb1eb449_01M0E9X17RZ522YBF6Z913H4VJ.wav,True,,,30.0,44100,16,2,5292142,0.0,-18.38,-2.38,False,False,False,False,False,False,False,False,False,False,False,
01M0E9X162CTB4D15WZQ5D8FVX,19.27,51.99,0.3425,data/00_raw_collect/raw_audio/f0/b8/f0b8fba5717578aecd96cb0114ff8ad7_01M0E9X162CTB4D15WZQ5D8FVX.wav,True,,,30.0,44100,16,2,5292142,0.0,-18.64,-0.1,False,False,False,False,False,False,False,False,False,False,False,
01M0E9X1BHAGVNQYTXE4CMNJV0,19.88,45.52,0.303,data/00_raw_collect/raw_audio/e8/fb/e8fb173150cd26420e155e6959acf3f5_01M0E9X1BHAGVNQYTXE4CMNJV0.wav,True,,,30.0,44100,16,2,5292142,0.0,-17.5,-0.02,False,False,False,False,False,False,False,False,False,False,False,
01M0E9X1AGP5JXX7YEA7NAV25V,24.55,68.33,0.4361,data/00_raw_collect/raw_audio/13/b9/13b90e65b754067abdde582a4439ff52_01M0E9X1AGP5JXX7YEA7NAV25V.wav,True,,,30.0,44100,16,2,5292142,0.0,-18.99,-2.69,False,False,False,False,False,False,False,False,False,False,False,
01M0E9X1CNR601CZY38WVQB82E,0.0,0.0,0.0,data/00_raw_collect/raw_audio/25/84/258454060d359241f2ea3499f91e4fd9_01M0E9X1CNR601CZY38WVQB82E.wav,False,时长过短: 2.0s < 5s,降噪候选: spectral_flatness=1.000>0.5,2.015,44100,16,2,355538,0.0,-inf,-200.0,False,True,False,False,False,False,False,False,False,False,True,spectral_flatness=1.000>0.5
01M0RFPVY8ZNBRSF3M6KVT1TY2,20.33,25.27,0.1101,data/00_raw_collect/raw_audio/61/b6/61b663c9b13898ba8ad5bcf34e5a7ec6_01M0RFPVY8ZNBRSF3M6KVT1TY2.mp3,True,,,134.893,44100,0,1,1489998,0.0,-29.43,-11.66,False,False,False,False,False,False,False,False,False,False,False,
01M0RFPVRHY5G2H321MC6ZR7AZ,17.15,21.32,0.0588,data/00_raw_collect/raw_audio/3b/ef/3befa8983780f697b424cb71bd236663_01M0RFPVRHY5G2H321MC6ZR7AZ.mp3,True,,,281.051,44100,0,1,3508661,0.0,-17.77,-0.26,False,False,False,False,False,False,False,False,False,False,False,
01M0RFPVPNNQ8XKY1MCWV09261,14.12,32.13,0.1943,data/00_raw_collect/raw_audio/51/54/515480a47dbd89441fb385af845590d8_01M0RFPVPNNQ8XKY1MCWV09261.mp3,True,,SNR偏低: 14.1dB < 15dB (压缩过的音乐常见，不淘汰，人工审核); 降噪候选: SNR=14.1dB<15.0dB,440.424,44100,0,1,5226800,0.0,-19.66,-0.11,False,False,False,False,False,False,False,True,False,False,True,SNR=14.1dB<15.0dB
01M0RFPVS7VN7C7RPNCZ2XYDFS,14.9,30.23,0.1911,data/00_raw_collect/raw_audio/02/5e/025ee64371ee3bbdf9718a473863917e_01M0RFPVS7VN7C7RPNCZ2XYDFS.mp3,True,,SNR偏低: 14.9dB < 15dB (压缩过的音乐常见，不淘汰，人工审核); 降噪候选: SNR=14.9dB<15.0dB,214.738,44100,0,1,2842547,7.4e-05,-16.55,0.68,False,False,False,False,False,False,False,True,False,False,True,SNR=14.9dB<15.0dB
01M0RFPVWPN4GTHYGPW6JVN04A,16.91,20.8,0.0569,data/00_raw_collect/raw_audio/fe/89/fe89968ceb9a27b7fcfdd7ecfa9dbd13_01M0RFPVWPN4GTHYGPW6JVN04A.mp3,True,,,242.39,44100,0,1,3107301,0.0,-15.47,0.16,False,False,False,False,False,False,False,False,False,False,False,
01M0RFPVNJ21SF5Y7VHPP8QV6T,18.14,22.06,0.0629,data/00_raw_collect/raw_audio/ec/fb/ecfb89c0cd2208c39e00aac31a253a1f_01M0RFPVNJ21SF5Y7VHPP8QV6T.mp3,True,,,285.858,44100,0,1,3598545,0.0,-15.14,0.19,False,False,False,False,False,False,False,False,False,False,False,
01M0RFPVQ9VHGMFC40XBGPPTWQ,17.71,34.07,0.1133,data/00_raw_collect/raw_audio/7c/f0/7cf0a50d65af6dd4d07a7dd7aae69dd1_01M0RFPVQ9VHGMFC40XBGPPTWQ.mp3,True,,,249.502,44100,0,1,3452783,1.7e-05,-16.15,0.47,False,False,False,False,False,False,False,False,False,False,False,
01M0RFPVP4DRN0N5QYQ124EVEY,14.04,43.91,0.6554,data/00_raw_collect/raw_audio/1f/fe/1ffebc2bd5ff8c6fad820477a0d14f58_01M0RFPVP4DRN0N5QYQ124EVEY.mp3,True,,SNR偏低: 14.0dB < 15dB (压缩过的音乐常见，不淘汰，人工审核); 降噪候选: SNR=14.0dB<15.0dB,312.267,44100,0,1,3826691,2e-06,-21.04,0.28,False,False,False,False,False,False,False,True,False,False,True,SNR=14.0dB<15.0dB
01M0RHT5QBG7MD9CBDYF68TKPY,13.1,40.58,0.4948,data/00_raw_collect/raw_audio/1f/28/1f288a3aa7005c402657c930677e9cc0_01M0RHT5QBG7MD9CBDYF68TKPY.mp3,True,,SNR偏低: 13.1dB < 15dB (压缩过的音乐常见，不淘汰，人工审核); 降噪候选: SNR=13.1dB<15.0dB,688.4,44100,0,1,8234762,4e-06,-20.84,0.21,False,False,False,False,False,False,False,True,False,False,True,SNR=13.1dB<15.0dB
01M0RFPVT8N9F5BHQDGGGRMG21,20.33,33.85,0.0765,data/00_raw_collect/raw_audio/1a/29/1a2937fa68bec24406e4f4be72215ba7_01M0RFPVT8N9F5BHQDGGGRMG21.mp3,True,,,323.788,44100,0,1,4122815,0.0,-16.65,0.31,False,False,False,False,False,False,False,False,False,False,False,
01M0RFPVSQM6GZ0JRCMPDF9GE1,18.02,20.05,0.0502,data/00_raw_collect/raw_audio/9a/8e/9a8eee827b10a2fa452023f0604d8fc0_01M0RFPVSQM6GZ0JRCMPDF9GE1.mp3,True,,,292.833,44100,0,1,3651126,0.0,-16.96,0.19,False,False,False,False,False,False,False,False,False,False,False,
01M0RFPVW4WCC7HFNFHE8S2J14,18.75,18.51,0.0508,data/00_raw_collect/raw_audio/96/cd/96cddc30e77cce73824fbccc6981ecf4_01M0RFPVW4WCC7HFNFHE8S2J14.mp3,True,,,217.493,44100,0,1,2895486,2e-06,-14.33,0.3,False,False,False,False,False,False,False,False,False,False,False,
01M0RFPVN7FD6R26FDRFX77R9Z,14.32,27.69,0.1841,data/00_raw_collect/raw_audio/3a/95/3a9570be947691c9da7313787e0c3f43_01M0RFPVN7FD6R26FDRFX77R9Z.mp3,True,,SNR偏低: 14.3dB < 15dB (压缩过的音乐常见，不淘汰，人工审核); 降噪候选: SNR=14.3dB<15.0dB,210.39,44100,0,1,2049752,0.0,-18.1,-2.95,False,False,False,False,False,False,False,True,False,False,True,SNR=14.3dB<15.0dB
01M0RFPVTTSMAV6XT49PFATG84,16.24,24.69,0.0951,data/00_raw_collect/raw_audio/99/a5/99a58b80858394ec39e6723ac8cad6af_01M0RFPVTTSMAV6XT49PFATG84.mp3,True,,,159.92,44100,0,1,1950098,1e-06,-15.49,0.1,False,False,False,False,False,False,False,False,False,False,False,
01M0RFPVVA13WC4CZK46J56CAR,13.22,30.17,0.2603,data/00_raw_collect/raw_audio/97/e7/97e7206b4c97cb7cfb14fd835065d258_01M0RFPVVA13WC4CZK46J56CAR.mp3,True,,SNR偏低: 13.2dB < 15dB (压缩过的音乐常见，不淘汰，人工审核); 降噪候选: SNR=13.2dB<15.0dB,481.733,44100,0,1,5793298,0.0,-20.45,-0.49,False,False,False,False,False,False,False,True,False,False,True,SNR=13.2dB<15.0dB
01M0E9X1D5FB4ZND9B13XSD71K,16.14,29.9,0.1667,data/00_raw_collect/raw_audio/de/34/de3496908c92f8421727d3e527103b57_01M0E9X1D5FB4ZND9B13XSD71K.mp3,True,,,98.457,44100,0,2,2364265,0.0,-17.27,-1.51,False,False,False,False,False,False,False,False,False,False,False,
01M0RFPVZ0G44ST7R8JY1PQDT3,16.27,27.04,0.1101,data/00_raw_collect/raw_audio/de/f1/def1682280c4ea113494be711008efdf_01M0RFPVZ0G44ST7R8JY1PQDT3.mp3,True,,,443.794,44100,0,1,5572204,0.0,-17.83,0.17,False,False,False,False,False,False,False,False,False,False,False,
01M0RFPVXNQE9WKJ0DC1JYWY0C,17.16,21.0,0.0706,data/00_raw_collect/raw_audio/ea/39/ea39239114993f0302929d210e897c9f_01M0RFPVXNQE9WKJ0DC1JYWY0C.mp3,True,,,297.653,44100,0,1,3359472,0.002625,-11.43,1.36,False,False,False,False,False,False,False,False,False,False,False,
01M0RFPVZTW8NW05DYV61GQ7EC,16.74,42.76,0.2543,data/00_raw_collect/raw_audio/2c/73/2c73fd2ea868123aeaa27f657146bf51_01M0RFPVZTW8NW05DYV61GQ7EC.mp3,True,,,307.36,44100,0,1,3844906,0.0,-19.26,-0.09,False,False,False,False,False,False,False,False,False,False,False,
01M0RFPVX85S698FK15G4BD67B,18.33,30.68,0.2477,data/00_raw_collect/raw_audio/1e/c5/1ec5cce828b2ec2d2c42e37546af97c5_01M0RFPVX85S698FK15G4BD67B.mp3,True,,,174.356,44100,0,1,1986947,0.0,-20.71,-2.43,False,False,False,False,False,False,False,False,False,False,False,
01M0RFPVQSC0HP4QJKKVCQYKCX,14.83,28.84,0.1572,data/00_raw_collect/raw_audio/12/d7/12d7299f2ad4bd182c44d1f2aa14ae17_01M0RFPVQSC0HP4QJKKVCQYKCX.mp3,True,,SNR偏低: 14.8dB < 15dB (压缩过的音乐常见，不淘汰，人工审核); 降噪候选: SNR=14.8dB<15.0dB,526.341,44100,0,1,6364268,0.0,-18.17,0.19,False,False,False,False,False,False,False,True,False,False,True,SNR=14.8dB<15.0dB
