audio_id,duration_sec,sample_rate,channels,bpm,lufs,spectral_centroid_mean,spectral_centroid_std,zero_crossing_rate_mean,spectral_rolloff_mean,rms_mean,rms_std,key,key_strength
3F34DF1B2784408BA60CE8165C,552.55,48000,2,123.05,-14.32,1403.73,435.35,0.0661,2742.14,0.172552,0.094672,C,0.5689
01M0RFPVS7VN7C7RPNCZ2XYDFS,214.74,48000,2,152.0,-19.56,1325.37,759.43,0.0452,2707.75,0.100498,0.058182,D,0.6202
A52E2E2FA5474C61984BCECC27,189.01,48000,2,136.0,-13.21,2026.2,818.83,0.0468,5263.75,0.261905,0.119204,E,0.7914
1EDDB5EFB16E4A36AFFFAC2132,210.33,48000,2,136.0,-20.16,2259.98,695.26,0.0921,4946.63,0.095982,0.038321,G#,0.6868
594E0C4719E34D6A98B438C503,208.0,48000,2,152.0,-14.08,2202.29,1013.38,0.097,4636.61,0.173551,0.084299,F#,0.472
01M0E9X19DMAXGT6QD167G1YJX,30.0,48000,2,123.05,-18.07,3403.01,821.11,0.2182,5647.38,0.06695,0.055982,E,0.51
8384A4DBF2B24CF98148BC9190,217.96,48000,2,117.45,-20.32,2824.82,850.93,0.1101,5965.68,0.096281,0.031956,C#,0.5069
01M0RFPVQSC0HP4QJKKVCQYKCX,526.34,48000,2,68.0,-21.19,1645.29,1012.06,0.0724,3348.26,0.073735,0.043667,D,0.522
01M0E9X1AGP5JXX7YEA7NAV25V,30.0,48000,2,80.75,-19.01,2931.18,1149.31,0.1876,4937.91,0.049198,0.051935,F,0.6339
BEF3CF9662D841528BDB33BFAF,263.04,48000,2,95.7,-22.33,2525.23,456.76,0.1428,4812.96,0.07067,0.016277,E,0.7683
A1AD6E948D2149EC940866F9D3,289.0,48000,2,172.27,-13.06,2098.96,992.7,0.0733,4634.66,0.243379,0.114208,G,0.7639
01M0RFPVT8N9F5BHQDGGGRMG21,323.79,48000,2,136.0,-19.67,2060.68,853.63,0.0723,4580.81,0.104129,0.045671,G#,0.6198
01M0RFPVX85S698FK15G4BD67B,174.36,48000,2,117.45,-23.72,1928.52,1224.56,0.0828,3794.79,0.051171,0.033352,C,0.5957
01M0RHT5QBG7MD9CBDYF68TKPY,688.4,48000,2,136.0,-23.9,2018.77,1001.08,0.078,4567.0,0.055052,0.046251,F,0.5692
01M0RFPVP4DRN0N5QYQ124EVEY,312.27,48000,2,152.0,-24.05,1857.09,746.6,0.0744,4029.39,0.049713,0.050309,A,0.5666
8DDE7F1A99A0441C9A1564A6D7,239.28,48000,2,83.35,-18.63,2047.45,789.65,0.0778,4484.58,0.108965,0.057612,B,0.5482
9B845A8E8A744BCAA50705D73D,185.0,48000,2,117.45,-12.36,2687.69,1093.1,0.1015,5797.42,0.261426,0.107735,B,0.521
01M0E9X1CNR601CZY38WVQB82E,2.01,48000,2,0.0,-inf,0.0,0.0,0.0,0.0,0.0,0.0,C,0.0
3C6F3F3C4839423DB83F7A55CD,220.75,48000,2,89.1,-17.89,1833.71,908.6,0.0693,3874.88,0.11157,0.064184,G,0.4433
DC92B30BB51D42488F02AA203F,413.11,48000,2,123.05,-16.51,2224.7,685.18,0.0921,5222.57,0.152368,0.075361,A,0.677
01M0RFPVZTW8NW05DYV61GQ7EC,307.36,48000,2,89.1,-22.36,2054.58,845.72,0.0891,4327.29,0.063003,0.042031,F,0.5072
0CF65600F4474C71B19A9926EC,235.0,48000,2,136.0,-18.83,2221.14,1045.78,0.0998,4736.78,0.078068,0.055478,B,0.5778
364CBB655E7D4A90B83A060A39,138.11,48000,2,117.45,-21.82,1455.98,966.9,0.0611,2763.7,0.06662,0.046098,A,0.5579
AA089CC166EF4DE8AA78014AD9,286.46,48000,2,89.1,-15.42,1216.92,742.77,0.0462,2629.74,0.153357,0.09089,E,0.8778
7968BA9684454DD4B1B179643E,224.0,48000,2,136.0,-14.03,1644.77,667.65,0.0666,3351.05,0.168505,0.10523,D#,0.5971
01M0RFPVN7FD6R26FDRFX77R9Z,210.39,48000,2,103.36,-21.11,937.77,394.24,0.0349,1645.24,0.076745,0.049416,D,0.7563
01M0RFPVRHY5G2H321MC6ZR7AZ,281.05,48000,2,152.0,-20.81,2093.39,744.01,0.0948,4406.07,0.091404,0.044762,A,0.7054
E1C4475B60AC4179852278CC60,305.0,48000,2,129.2,-16.46,1269.93,589.4,0.0391,2754.51,0.158565,0.065503,C,0.5633
6878BDAC7CD149C6A0AFA5ADD5,259.0,48000,2,99.38,-12.3,1838.33,916.21,0.0799,3738.2,0.213557,0.105839,A#,0.5698
D0CC3C06BCC643C4AD0737115C,540.69,48000,2,161.5,-17.72,1665.41,884.28,0.0637,3834.82,0.129558,0.066602,F#,0.4948
8E0D1A1B284746B3A1FCE15B41,352.15,48000,2,161.5,-12.47,2250.47,977.64,0.0845,5149.86,0.270189,0.130418,D#,0.7458
09E39F2B2CB84CEDAF02365CB2,259.0,48000,2,103.36,-14.39,2313.61,1125.21,0.092,5039.41,0.179222,0.09114,F,0.5291
CDF8316BBDD2488A877E675E8F,261.25,48000,2,112.35,-19.31,2062.66,768.34,0.0847,4439.46,0.113566,0.039824,F#,0.701
01M0RFPVPNNQ8XKY1MCWV09261,440.42,48000,2,136.0,-22.69,1644.3,1111.99,0.0625,3427.36,0.068715,0.042333,F,0.5165
F905340525194A1A9D838DB885,332.28,48000,2,123.05,-17.76,2172.5,839.14,0.0983,4578.64,0.119953,0.083111,G#,0.8571
1C69AC77BB3042A4A237DF5966,285.61,48000,2,123.05,-17.95,1589.51,1052.96,0.0521,3311.83,0.126899,0.067266,B,0.447
3D71C975F9D24E4CB5B77D85FA,132.88,48000,2,107.67,-20.78,1309.7,646.34,0.0401,2680.25,0.084361,0.048433,E,0.5454
01M0RFPVY8ZNBRSF3M6KVT1TY2,134.89,48000,2,161.5,-32.44,1869.11,998.49,0.0825,3838.37,0.020148,0.010886,E,0.479
01M0E9X17RZ522YBF6Z913H4VJ,30.0,48000,2,161.5,-18.38,2128.71,1808.91,0.1512,3372.55,0.033961,0.049117,F,0.5788
F7E5F56ECCCC479589A26A2A10,220.0,48000,2,143.55,-14.02,2032.49,891.14,0.0704,4378.66,0.212695,0.105987,D,0.5537
33EA926BB2D64917AF8A166779,175.0,48000,2,143.55,-20.5,1359.93,506.75,0.0409,2795.66,0.09369,0.043301,D,0.5375
4AD0681C6347477D8B1E849422,241.0,48000,2,152.0,-15.25,2336.08,713.59,0.1062,4955.58,0.164689,0.07399,C,0.5516
924CF2535CAB4C48A485EF4845,367.2,48000,2,99.38,-13.29,3063.62,1221.94,0.1232,6960.8,0.199481,0.145819,B,0.74
448A140A77354AAC9458496B10,201.0,48000,2,136.0,-18.79,3458.88,1233.66,0.1452,7555.84,0.116028,0.069294,G,0.6706
2446DC352B064D65AD61142249,249.0,48000,2,123.05,-14.46,2197.04,973.87,0.0978,4659.74,0.157841,0.092472,G,0.4585
77CB62FFAEC0446188CA3AE161,250.03,48000,2,143.55,-14.49,1848.18,968.77,0.0534,4334.89,0.205726,0.107935,F,0.7151
87A69E31F3DC48429BEB755F06,249.0,48000,2,103.36,-12.59,2298.86,985.27,0.0839,5007.92,0.263678,0.083183,G#,0.9504
01M0RFPVQ9VHGMFC40XBGPPTWQ,249.5,48000,2,143.55,-19.36,1657.58,783.17,0.0892,3686.07,0.101523,0.054192,A,0.8895
6835D62222154FA6B0509AA881,200.85,48000,2,103.36,-21.46,1459.16,578.42,0.067,2820.81,0.077743,0.039592,G,0.6789
870491B93FD04F979A12BC7811,285.14,48000,2,123.05,-15.63,1766.18,989.94,0.0635,3773.9,0.178741,0.102727,E,0.7223
B7C8FC27F3C349B0B39EB7D55A,362.09,48000,2,123.05,-14.53,2731.64,1380.62,0.0979,6105.75,0.208325,0.157058,G,0.8648
3E6F4E0EC2024CCD9FE718F847,293.0,48000,2,161.5,-13.22,1842.01,1071.1,0.0895,3493.89,0.182246,0.102541,G,0.6385
E6A98A1C67AC4D9FA1E7437524,283.99,48000,2,83.35,-15.71,1761.94,689.09,0.0749,3589.84,0.155691,0.075193,F#,0.6739
01M0RFPVW4WCC7HFNFHE8S2J14,217.49,48000,2,123.05,-17.36,1840.63,778.22,0.0706,4209.32,0.14232,0.054065,E,0.6772
01M0RFPVVA13WC4CZK46J56CAR,481.73,48000,2,107.67,-23.46,1394.97,888.56,0.0617,2805.79,0.053902,0.039002,A,0.4989
286F49DADB7640A39E52E4C55A,245.3,48000,2,123.05,-18.86,2083.43,575.63,0.0974,4057.54,0.076386,0.057842,A,0.5548
01M0RFPVTTSMAV6XT49PFATG84,159.92,48000,2,112.35,-18.5,1656.87,702.03,0.0529,3809.85,0.133369,0.071188,D,0.7865
25A0003CEA50409D88B8362568,453.02,48000,2,184.57,-14.27,1859.42,990.54,0.0668,4188.47,0.198205,0.099738,D,0.6185
01M0RFPVSQM6GZ0JRCMPDF9GE1,292.83,48000,2,129.2,-19.99,1732.81,845.77,0.0711,3666.95,0.103988,0.041316,G,0.6652
818C48C49AE547DCBC6D3D9B43,331.79,48000,2,129.2,-21.56,1611.09,973.05,0.0614,3496.14,0.091977,0.043856,A#,0.8555
5CF227BBD8FB42BDA25C4755A1,510.0,48000,2,136.0,-18.91,1502.53,773.09,0.052,3434.2,0.115284,0.06015,A,0.491
C2AEFEEB56B0454F9AE069B899,232.0,48000,2,136.0,-14.74,1774.46,890.62,0.079,3594.04,0.165042,0.086829,D,0.5534
146D04DCF3BB4D56B68F9DD25C,192.11,48000,2,112.35,-18.38,1275.7,410.73,0.0456,2496.5,0.123756,0.046721,E,0.5371
49BED5E277AF40909EC0BD756D,240.05,48000,2,103.36,-14.27,2323.77,695.62,0.1061,4808.5,0.154296,0.128374,B,0.6074
A7E56197254D451CB98808C9BD,243.88,48000,2,136.0,-16.27,1701.26,617.29,0.0844,3315.21,0.124314,0.079017,A#,0.4681
7AB4F0B765984F5AAADDDA584A,372.47,48000,2,117.45,-16.49,2046.99,1014.11,0.0547,4875.75,0.168719,0.090011,F,0.763
95D0CB9A84B54582AD17E79393,493.0,48000,2,129.2,-14.47,998.4,526.0,0.0319,1900.82,0.196099,0.081363,D#,0.4826
2996876392774F67887DA90C3E,280.0,48000,2,152.0,-14.39,1583.31,822.8,0.0712,3440.35,0.171173,0.085712,D,0.6878
01M0E9X1D5FB4ZND9B13XSD71K,98.46,48000,2,123.05,-17.33,2657.81,1299.87,0.1106,5683.98,0.120364,0.067154,B,0.5117
01M0RFPVZ0G44ST7R8JY1PQDT3,443.79,48000,2,129.2,-20.86,2250.5,1017.72,0.1051,4595.16,0.08288,0.044083,G,0.7397
A0F9B5560A194DE5A25A22BD62,304.0,48000,2,112.35,-21.03,1761.77,600.44,0.054,4287.73,0.091054,0.042937,F#,0.5663
3CC7E3DF77334AE0B1B2BC3795,200.0,48000,2,143.55,-13.98,1681.12,714.09,0.0568,3604.65,0.231707,0.100812,F,0.6513
01M0E9X1BHAGVNQYTXE4CMNJV0,30.0,48000,2,117.45,-17.51,3342.14,877.05,0.2095,5592.75,0.072678,0.059808,C,0.449
01M0RFPVXNQE9WKJ0DC1JYWY0C,297.65,48000,2,89.1,-14.45,2145.76,986.14,0.0791,4647.95,0.198908,0.090023,C,0.7868
01M0RFPVNJ21SF5Y7VHPP8QV6T,285.86,48000,2,143.55,-18.17,2261.66,855.85,0.0952,4895.17,0.12078,0.052808,G,0.6493
3C6219AB60A24F5B8F101AF353,244.64,48000,2,78.3,-14.16,2379.16,890.88,0.1083,5151.11,0.165202,0.098955,F,0.6178
3DD429C6458C404A9891416635,329.96,48000,2,123.05,-16.16,1629.81,1202.13,0.0548,3581.07,0.169728,0.071102,A#,0.8062
A1CC7E194F30411980025EA378,337.15,48000,2,117.45,-14.49,2132.86,831.18,0.0785,4604.75,0.209581,0.123637,C,0.6859
01M0E9X162CTB4D15WZQ5D8FVX,30.0,48000,2,117.45,-18.65,3208.31,945.65,0.188,5475.64,0.062212,0.053689,F,0.4237
3FF351D346274F6C8DC078C78A,341.0,48000,2,123.05,-14.84,1887.39,826.36,0.0811,4088.96,0.17159,0.071714,C,0.6928
1C8E3363E3FF4BFBA5189ABCB7,211.0,48000,2,123.05,-15.06,2173.99,910.44,0.0992,4462.54,0.16103,0.072937,G,0.555
78250AD45D2842A3AA18C9071D,444.0,48000,2,89.1,-18.27,1433.1,742.63,0.0543,3178.6,0.114501,0.072477,C,0.5641
9C454BAFCD9A4DF7BC15CC9031,202.0,48000,2,89.1,-12.73,2063.34,985.16,0.0812,4374.04,0.189871,0.131049,F,0.553
01M0RFPVWPN4GTHYGPW6JVN04A,242.39,48000,2,129.2,-18.5,1602.95,774.18,0.0527,3583.56,0.125736,0.051101,G#,0.7048
D2098BC896D6450A8E3744528E,144.0,48000,2,89.1,-22.59,1078.67,521.83,0.0399,1879.38,0.072485,0.033981,A,0.5279
